id,name,code
1,61b8ecf3382c6,640
2,61b8ecf3382e6,665
3,61b8ecf3382f0,984
4,61b8ecf3382f8,347
5,61b8ecf338300,490
6,61b8ecf338309,521
7,61b8ecf338311,379
8,61b8ecf338319,503
9,61b8ecf338321,789
10,61b8ecf338329,8
11,61b8ecf338332,771
12,61b8ecf33833a,278
13,61b8ecf338342,772
14,61b8ecf33834b,152
15,61b8ecf338354,48
16,61b8ecf33835c,177
17,61b8ecf338364,327
18,61b8ecf33836c,721
19,61b8ecf338374,828
20,61b8ecf33837c,437
21,61b8ecf338384,711
22,61b8ecf33838d,755
23,61b8ecf338396,869
24,61b8ecf33839e,459
25,61b8ecf3383a6,83
26,61b8ecf3383ae,580
27,61b8ecf3383b6,0
28,61b8ecf3383be,53
29,61b8ecf3383c6,444
30,61b8ecf3383ce,74
31,61b8ecf3383d7,822
32,61b8ecf3383e0,362
33,61b8ecf3383e8,997
34,61b8ecf3383f0,112
35,61b8ecf3383f8,454
36,61b8ecf338400,15
37,61b8ecf338408,567
38,61b8ecf338410,492
39,61b8ecf338419,162
40,61b8ecf338422,803
41,61b8ecf33842a,775
42,61b8ecf338432,465
43,61b8ecf33843a,885
44,61b8ecf338442,854
45,61b8ecf33844a,383
46,61b8ecf338453,629
47,61b8ecf33845b,88
48,61b8ecf338464,256
49,61b8ecf33846c,406
50,61b8ecf338474,487